Obs,LNPE,DF,SE,LNLM,LNLL,LNUL,PE,LL,UL,WD
1,-0.020366,31,0.049236,0.083481,-0.10385,0.063115,0.97984,0.90136,1.06515,0.16379
